{
  "meta": {
    "days": 4,
    "load": 3.0,
    "seeds": [
      42
    ],
    "tag": "pL3"
  },
  "results": {
    "EDF": {
      "energy_kwh_day": 4339.284096511698,
      "co2e_kg_day": 1569.3546253536158,
      "peak_temp": 88.14096568113132,
      "hotspot_min_day": 515.0,
      "sla_miss_pct": 0.0,
      "sla_miss_batch_pct": 0.0,
      "p95_queue_s": 0,
      "overhead_s": 0.9,
      "thermal_viol_pct": 33.420138888888886,
      "jobs": 221407,
      "energy_std_pct": 0.0
    },
    "PowerOnly": {
      "energy_kwh_day": 4253.689858511032,
      "co2e_kg_day": 1537.9006887052722,
      "peak_temp": 88.17620816364666,
      "hotspot_min_day": 1405.0,
      "sla_miss_pct": 0.0,
      "sla_miss_batch_pct": 0.0,
      "p95_queue_s": 0,
      "overhead_s": 1.4,
      "thermal_viol_pct": 97.22222222222223,
      "jobs": 221407,
      "energy_std_pct": 0.0
    },
    "ThermalCap": {
      "energy_kwh_day": 4465.93914078682,
      "co2e_kg_day": 1626.5084351140044,
      "peak_temp": 83.87807006885821,
      "hotspot_min_day": 961.25,
      "sla_miss_pct": 0.0,
      "sla_miss_batch_pct": 0.0,
      "p95_queue_s": 0,
      "overhead_s": 1.2,
      "thermal_viol_pct": 54.947916666666664,
      "jobs": 220934,
      "energy_std_pct": 0.0
    },
    "CarbonOnly": {
      "energy_kwh_day": 4280.000466704952,
      "co2e_kg_day": 1527.4037472325972,
      "peak_temp": 83.8711328276987,
      "hotspot_min_day": 865.0,
      "sla_miss_pct": 56.265720445562344,
      "sla_miss_batch_pct": 30.446332610062257,
      "p95_queue_s": 600,
      "overhead_s": 1.0,
      "thermal_viol_pct": 51.99652777777778,
      "jobs": 214731,
      "energy_std_pct": 0.0
    },
    "CICM": {
      "energy_kwh_day": 4193.162085776637,
      "co2e_kg_day": 1515.0141240721903,
      "peak_temp": 88.16863085038968,
      "hotspot_min_day": 1405.0,
      "sla_miss_pct": 13.413504631012847,
      "sla_miss_batch_pct": 0.0,
      "p95_queue_s": 1500,
      "overhead_s": 1.0,
      "thermal_viol_pct": 97.22222222222223,
      "jobs": 221407,
      "energy_std_pct": 0.0
    },
    "HUNTER": {
      "energy_kwh_day": 4379.742444205402,
      "co2e_kg_day": 1581.7551472015598,
      "peak_temp": 88.18370719706307,
      "hotspot_min_day": 958.75,
      "sla_miss_pct": 0.0,
      "sla_miss_batch_pct": 0.0,
      "p95_queue_s": 0,
      "overhead_s": 1.7,
      "thermal_viol_pct": 53.55902777777778,
      "jobs": 221407,
      "energy_std_pct": 0.0
    },
    "SustainSchedMPC": {
      "energy_kwh_day": 4273.657813834163,
      "co2e_kg_day": 1537.1311830266193,
      "peak_temp": 83.86074220797072,
      "hotspot_min_day": 943.75,
      "sla_miss_pct": 0.0,
      "sla_miss_batch_pct": 0.0,
      "p95_queue_s": 600,
      "overhead_s": 2.3,
      "thermal_viol_pct": 53.47222222222222,
      "jobs": 221389,
      "energy_std_pct": 0.0
    }
  }
}