{
  "meta": {
    "days": 30,
    "load": 2.5,
    "seeds": [
      42,
      137,
      271,
      500,
      999
    ],
    "config": "corrected, well-posed"
  },
  "results": {
    "EDF": {
      "energy_kwh_day": 4080.812346942852,
      "co2e_kg_day": 1479.7772554024175,
      "peak_temp": 82.70449887121134,
      "hotspot_min_day": 56.03333333333333,
      "sla_miss_pct": 0.0,
      "sla_miss_batch_pct": 0.0,
      "p95_queue_s": 0,
      "overhead_s": 0.9,
      "thermal_viol_pct": 0.13657407407407407,
      "jobs": 1386626.8,
      "mean_util_pct": 53.01620382804219,
      "peak_util_pct": 97.95014230530712,
      "r0_mean_util": 53.02413087713602,
      "r0_peak_util": 99.45477589302834,
      "r1_mean_util": 52.96984160373234,
      "r1_peak_util": 99.46384444500536,
      "r2_mean_util": 53.05463900325827,
      "r2_peak_util": 99.48936400385122,
      "energy_std_pct": 0.02637703138639952
    },
    "PowerOnly": {
      "energy_kwh_day": 4050.5638291294813,
      "co2e_kg_day": 1466.2906968024058,
      "peak_temp": 88.16940906567504,
      "hotspot_min_day": 1434.9666666666667,
      "sla_miss_pct": 0.0,
      "sla_miss_batch_pct": 0.0,
      "p95_queue_s": 0,
      "overhead_s": 1.4,
      "thermal_viol_pct": 99.59722222222221,
      "jobs": 1386626.8,
      "mean_util_pct": 53.067338114286684,
      "peak_util_pct": 98.87154206201637,
      "r0_mean_util": 53.145275861062395,
      "r0_peak_util": 99.85287827066668,
      "r1_mean_util": 53.04375119219411,
      "r1_peak_util": 99.81978454977308,
      "r2_mean_util": 53.01298728960358,
      "r2_peak_util": 99.8266274706592,
      "energy_std_pct": 0.14577945517203983
    },
    "ThermalCap": {
      "energy_kwh_day": 4185.159527568709,
      "co2e_kg_day": 1513.4682330348944,
      "peak_temp": 83.816380837571,
      "hotspot_min_day": 504.6666666666667,
      "sla_miss_pct": 0.0,
      "sla_miss_batch_pct": 0.0,
      "p95_queue_s": 0,
      "overhead_s": 1.2,
      "thermal_viol_pct": 17.97222222222222,
      "jobs": 1386610.2,
      "mean_util_pct": 59.236100334435136,
      "peak_util_pct": 99.86859518571957,
      "r0_mean_util": 58.005368888952724,
      "r0_peak_util": 99.93488378961361,
      "r1_mean_util": 59.27076231312376,
      "r1_peak_util": 99.947182385241,
      "r2_mean_util": 60.43216980122846,
      "r2_peak_util": 99.9257154154118,
      "energy_std_pct": 0.10462089996982113
    },
    "CarbonOnly": {
      "energy_kwh_day": 4313.850336940674,
      "co2e_kg_day": 1551.2688503649306,
      "peak_temp": 83.88177050597018,
      "hotspot_min_day": 912.4444444444445,
      "sla_miss_pct": 55.27189157008046,
      "sla_miss_batch_pct": 21.33564836446077,
      "p95_queue_s": 600,
      "overhead_s": 1.0,
      "thermal_viol_pct": 47.42283950617284,
      "jobs": 1381509,
      "mean_util_pct": 66.13275668144159,
      "peak_util_pct": 99.92343896255971,
      "r0_mean_util": 61.75550441726981,
      "r0_peak_util": 99.97425438660855,
      "r1_mean_util": 77.54173608394008,
      "r1_peak_util": 99.96337433672407,
      "r2_mean_util": 59.10102954311522,
      "r2_peak_util": 99.97207503942607,
      "energy_std_pct": 0.009344343482497125,
      "_n_seeds": 3
    },
    "CICM": {
      "energy_kwh_day": 4064.205736905973,
      "co2e_kg_day": 1473.4312457641192,
      "peak_temp": 88.16908773300551,
      "hotspot_min_day": 1435.2333333333333,
      "sla_miss_pct": 3.4529582911234,
      "sla_miss_batch_pct": 0.0,
      "p95_queue_s": 900,
      "overhead_s": 1.0,
      "thermal_viol_pct": 98.56944444444444,
      "jobs": 1386626.8,
      "mean_util_pct": 52.963282829413515,
      "peak_util_pct": 99.35478775271727,
      "r0_mean_util": 52.93011228589294,
      "r0_peak_util": 99.93818155392947,
      "r1_mean_util": 52.92289286771299,
      "r1_peak_util": 99.93715948659998,
      "r2_mean_util": 53.03684333463471,
      "r2_peak_util": 99.92158062663309,
      "energy_std_pct": 0.030673301391718266
    },
    "HUNTER": {
      "energy_kwh_day": 4071.611239685592,
      "co2e_kg_day": 1472.2678148115297,
      "peak_temp": 85.55347362391664,
      "hotspot_min_day": 86.4,
      "sla_miss_pct": 0.0,
      "sla_miss_batch_pct": 0.0,
      "p95_queue_s": 0,
      "overhead_s": 1.7,
      "thermal_viol_pct": 1.0208333333333333,
      "jobs": 1386626.8,
      "mean_util_pct": 53.38149555268247,
      "peak_util_pct": 99.63644041305497,
      "r0_mean_util": 54.243100798366264,
      "r0_peak_util": 99.886299622556,
      "r1_mean_util": 53.41643858742269,
      "r1_peak_util": 99.74773709958416,
      "r2_mean_util": 52.48494727225876,
      "r2_peak_util": 99.56165705499278,
      "energy_std_pct": 0.06698226221259773
    },
    "SustainSchedMPC": {
      "energy_kwh_day": 4115.469324752186,
      "co2e_kg_day": 1483.8401949968797,
      "peak_temp": 83.81287344637963,
      "hotspot_min_day": 667.5333333333333,
      "sla_miss_pct": 0.0,
      "sla_miss_batch_pct": 0.0,
      "p95_queue_s": 600,
      "overhead_s": 2.3,
      "thermal_viol_pct": 22.50462962962963,
      "jobs": 1386613.4,
      "mean_util_pct": 55.6542030180424,
      "peak_util_pct": 99.87284643574618,
      "r0_mean_util": 52.126794093507826,
      "r0_peak_util": 99.93261180049113,
      "r1_mean_util": 59.42533314182601,
      "r1_peak_util": 99.94099720402012,
      "r2_mean_util": 55.410481818793166,
      "r2_peak_util": 99.94947661539392,
      "energy_std_pct": 0.045732586347011245
    }
  }
}